meetplaats;omschrijving;X;Y;gemeente1;gemeente2;provincie;regio;land;kaart;zuiveringsgebied;bekken;waterloop;segment;categorie;cat;owl;waterlichaam;orde owl;status;sterk_veranderd;categorie owl;type;A2 afstroomgebied;A1;A0;afstroomzone
107750;Goolderheideweg, opw weg;231653;207915;Bocholt;;Limburg;Vlaanderen;België;18/5;;Maasbekken;BALKENLOOP - BALKERBEEK;3001041;Onbevaarbaar cat. 2;CAT2;L217_5282;;Lokaal waterlichaam van 2de orde;Nog geen statuut toegekend;0;rivier;RtNt;A2_L217_5282;A1_VL22_221;A0_VL22_221;Afstroomzone van ZUID-WILLEMSVAART + KANAAL BOCHOLT-HERENTALS (deels) + KANAAL BRIEGDEN-NEERHAREN
113350;Afwateringssloot naar Kanielstraatbeek, 't Hasselt, zijweg Beerseldijk, opw inrit veld;241978;205237;Bree;;Limburg;Vlaanderen;België;18/6;;Maasbekken;VERSTRAETENSLOOTJE;6010975;Polder of wateringgracht;POW;NG_L217_5172;;Gracht;Nog geen statuut toegekend;0;rivier;NVT;A2_L217_5172;A1_L111_1087;A0_VL05_141;Afstroomzone van LOSSING
12000;Philippine,Isabellahaven,Dijckmeesterweg;104330;218850;Oostburg;;Onbekend;;Nederland;6/5-6;;Bekken van de Gentse Kanalen;LEOPOLDKANAAL;6019988;Bevaarbaar;BEV;VL08_172;LEOPOLDKANAAL I;Vlaams Waterlichaam;Kunstmatig;0;rivier;Rk;A2_VL08_172;A1_VL08_172;A0_VL08_172;Afstroomzone van LEOPOLDKANAAL I
122;Watersportlaan;36342;204544;Nieuwpoort;;West-Vlaanderen;Vlaanderen;België;12/5-6;;IJzerbekken;IJZER - HAVEN VAN NIEUWPOORT;6033623;Bevaarbaar;BEV;VL17_15;HAVENGEUL IJZER;Vlaams Waterlichaam;Natuurlijk;1;overgangswater;O2zout;A2_VL17_15;A1_VL17_15;A0_VL17_15;Afstroomzone van HAVENGEUL IJZER
122040;Stevensweert, NL, RO, kruising Maaspoort-Maasdijk,aan kanon, grenspaal, 20 m tot platvorm;253128;203443;Stevensweert;;Onbekend;;Nederland;18/8;;Maasbekken;MAAS - GEMEENSCHAPPELIJKE MAAS NOORD - GEMEENSCHAPPELIJKE MAAS IN LIMBURG - GRENSMAAS;3601124;Bevaarbaar;BEV;VL11_203;MAAS I+II+III;Vlaams Waterlichaam;Natuurlijk;1;rivier;Rzg;A2_VL11_203;A1_VL11_203;A0_VL11_203;Afstroomzone van MAAS I+II+III
13000;Philippinestraat,Posthoornhof,Hollekensstraat,opw brugje thv boerderij;107095;217906;Assenede;;Oost-Vlaanderen;Vlaanderen;België;14/1-2;Zelzate;Bekken van de Gentse Kanalen;ZWARTESLUISBEEK - VLIETBEEK - STAAKSKENSBEEK - STOEPEBEEK - STOEPE WATERGANG;6019801;Onbevaarbaar cat. 1;CAT1;VL08_27;ZWARTESLUISBEEK;Vlaams Waterlichaam;Natuurlijk;1;rivier;Pb;A2_VL08_27;A1_VL08_27;A0_VL08_27;Afstroomzone van ZWARTESLUISBEEK
146200;Wonck, N671, Rue de Campine (richting Wonck), begin vangrail, aarden wegje naar beneden, opw weg, Wonck;239445;164188;Bitsingen;;Luik;Wallonië;België;34/5-6;;Maasbekken;ZOUW;6043800;Onbevaarbaar cat. 2;CAT2;L111_1092;ZOUW;Lokaal waterlichaam van 1ste orde;Natuurlijk;1;rivier;Bk;A2_G_L111_1092;A1_G_L111_1092;A0_G_L111_1092;Afstroomzone van ZOUW
146250;Zichen-Zussen-Bolder, Mennestraat, tgo voetbalveld, opw, inbuizing en RWZI, Riemst;239111;164803;Riemst;;Limburg;Vlaanderen;België;34/5-6;Zichen;Maasbekken;ZOUW;6043800;Onbevaarbaar cat. 2;CAT2;L111_1092;ZOUW;Lokaal waterlichaam van 1ste orde;Natuurlijk;1;rivier;Bk;A2_G_L111_1092;A1_G_L111_1092;A0_G_L111_1092;Afstroomzone van ZOUW
154100;"Zandvliet, grens Doel; vaargeul midden Schelde thv P boei";141077;227033;Antwerpen;Antwerpen;Antwerpen;Vlaanderen;België;7/5-6;Antwerpen-Noord;Benedenscheldebekken;ZEESCHELDE - BENEDEN-ZEESCHELDE;6033846;Bevaarbaar;BEV;VL17_43;ZEESCHELDE IV;Vlaams Waterlichaam;Natuurlijk;1;overgangswater;O1brak;A2_VL17_43;A1_VL17_43;A0_VL17_43;Afstroomzone van ZEESCHELDE IV
162000;Kallebeekstraat, thv veerpont Hemiksem - Kruibeke (Bazel);147328;203675;Hemiksem;;Antwerpen;Vlaanderen;België;15/7-8;Aartselaar;Benedenscheldebekken;ZEESCHELDE - BENEDEN-ZEESCHELDE;6018692;Bevaarbaar;BEV;VL17_42;ZEESCHELDE III + RUPEL;Vlaams Waterlichaam;Natuurlijk;1;overgangswater;O1o;A2_VL17_42;A1_VL17_42;A0_VL17_42;Afstroomzone van ZEESCHELDE III + RUPEL
164000;"FC: weg Hamme-Dendermonde, opw brug; BIO 700m afw. aan linkeroever (Grembergen)";132788;192322;Dendermonde;;Oost-Vlaanderen;Vlaanderen;België;23/1-2;Dendermonde;Benedenscheldebekken;ZEESCHELDE - BENEDEN-ZEESCHELDE;6018481;Bevaarbaar;BEV;VL08_41;ZEESCHELDE II;Vlaams Waterlichaam;Natuurlijk;1;rivier;Mlz;A2_VL08_41;A1_VL08_41;A0_VL08_41;Afstroomzone van ZEESCHELDE II
172100;Zwijnaarde,Zonneputtragel,opw brug;104745;188127;Gent;;Oost-Vlaanderen;Vlaanderen;België;22/1-2;Gent;Bovenscheldebekken;BOVENSCHELDE;6021439;Bevaarbaar;BEV;VL05_58;BOVEN-SCHELDE IV;Vlaams Waterlichaam;Natuurlijk;1;rivier;Rg;A2_VL05_58;A1_VL05_58;A0_VL05_58;Afstroomzone van BOVEN-SCHELDE IV
173000;Nederzwalm-Hermelgem,Nederzwalmsesteenweg-Schoolstraat,brug 3de Jagers te voet;101543;176123;Zwalm;Kruisem;Oost-Vlaanderen;Vlaanderen;België;30/1-2;Nederzwalm;Bovenscheldebekken;BOVENSCHELDE;6005421;Bevaarbaar;BEV;VL05_58;BOVEN-SCHELDE IV;Vlaams Waterlichaam;Natuurlijk;1;rivier;Rg;A2_VL05_58;A1_VL05_58;A0_VL05_58;Afstroomzone van BOVEN-SCHELDE IV
17500;Burgstraat, opw weg;105642;212110;Assenede;;Oost-Vlaanderen;Vlaanderen;België;14/1-2;Zelzate;Bekken van de Gentse Kanalen;MAATBEEK - SPERBEEK - GAVERBEEK;7068934;Onbevaarbaar cat. 2;CAT2;L217_1351;;Lokaal waterlichaam van 2de orde;Nog geen statuut toegekend;0;rivier;RtNt;A2_L217_1351;A1_L111_1112;A0_VL08_157;Afstroomzone van ISABELLAWATERING
178100;Helkijn,Brugstraat,brug Helkijn-Pottes;80780;158022;Avelgem;;West-Vlaanderen;Vlaanderen;België;37/1-2;Helkijn;Bovenscheldebekken;BOVENSCHELDE;6005360;Bevaarbaar;BEV;VL17_204;BOVEN-SCHELDE II+III;Vlaams Waterlichaam;Natuurlijk;1;rivier;Rg;A2_VL17_204;A1_VL17_204;A0_VL17_204;Afstroomzone van BOVEN-SCHELDE II+III
179000;Warcoing,brug Warcoing-Hérinnes,Rue de la Sucrerie-Rue du Rivage;78196;154964;Pecq;;Henegouwen;Wallonië;België;37/1-2;Pont-Bleu (Wal.);Bovenscheldebekken;BOVENSCHELDE;6005334;Bevaarbaar;BEV;VL08_55;BOVEN-SCHELDE I;Vlaams Waterlichaam;Natuurlijk;1;rivier;Rg;A2_VL08_55;A1_VL08_55;A0_VL08_55;Afstroomzone van BOVEN-SCHELDE I
184000;"Ekeren;Donk,afw kliniek,afw brug,opw Groot Schijn";155556;217744;Antwerpen;;Antwerpen;Vlaanderen;België;15/3-4;Brasschaat;Benedenscheldebekken;LAARSE BEEK - MIKSEBEEK - ELSHOUTSEBEEK;6006783;Onbevaarbaar cat. 2;CAT2;L107_688;LAARSE BEEK;Lokaal waterlichaam van 1ste orde;Natuurlijk;0;rivier;BkK;A2_L107_688;A1_L107_688;A0_VL17_35;Afstroomzone van VERLEGDE SCHIJN - HOOFDGRACHT
189200;'s Gravenwezelstwg, opw brug en Albertkanaal;161472;213372;Wijnegem;;Antwerpen;Vlaanderen;België;15/3-4;Schilde;Benedenscheldebekken;ZWANEBEEK - WEZELSE BEEK;7052334;Onbevaarbaar cat. 2;CAT2;L111_676;WEZELSE BEEK;Lokaal waterlichaam van 1ste orde;Natuurlijk;1;rivier;BkK;A2_L111_676;A1_L111_676;A0_VL17_29;Afstroomzone van GROOT SCHIJN
190000;s Gravenwezel, Seringenlaan,opw brug;162871;214049;Schilde;;Antwerpen;Vlaanderen;België;16/1-2;Schilde;Benedenscheldebekken;ZWANEBEEK - WEZELSE BEEK;7025404;Onbevaarbaar cat. 2;CAT2;L111_676;WEZELSE BEEK;Lokaal waterlichaam van 1ste orde;Natuurlijk;1;rivier;BkK;A2_L111_676;A1_L111_676;A0_VL17_29;Afstroomzone van GROOT SCHIJN
203000;Cleydaellaan, thv. kasteel Cleydael, opw brug;149591;203031;Aartselaar;Aartselaar;Antwerpen;Vlaanderen;België;15/7-8;Aartselaar;Benedenscheldebekken;GROTE STRUISBEEK - BENEDENVLIET - BOVENVLIET - MANDOURSEBEEK;25076;Onbevaarbaar cat. 1;CAT1;VL05_28;BENEDENVLIET;Vlaams Waterlichaam;Natuurlijk;1;rivier;Bg;A2_VL05_28;A1_VL05_28;A0_VL05_28;Afstroomzone van BENEDENVLIET
203500;Groenenhoek, opw. weg en rioolmond;149874;203510;Aartselaar;;Antwerpen;Vlaanderen;België;15/7;;Benedenscheldebekken;GROTE STRUISBEEK - BENEDENVLIET - BOVENVLIET - MANDOURSEBEEK;25078;Onbevaarbaar cat. 1;CAT1;VL05_28;BENEDENVLIET;Vlaams Waterlichaam;Natuurlijk;1;rivier;Bg;A2_VL05_28;A1_VL05_28;A0_VL05_28;Afstroomzone van BENEDENVLIET
204000;Mastboomstraat (opw), BIO opw Boomsesteenweg (parking Rombouts);151130;204157;Aartselaar;;Antwerpen;Vlaanderen;België;15/7-8;Aartselaar;Benedenscheldebekken;GROTE STRUISBEEK - BENEDENVLIET - BOVENVLIET - MANDOURSEBEEK;1001431;Onbevaarbaar cat. 2;CAT2;L111_674;BENEDENVLIET L1;Lokaal waterlichaam van 1ste orde;Natuurlijk;0;rivier;Bk;A2_L111_674;A1_L111_674;A0_VL05_28;Afstroomzone van BENEDENVLIET
21000;Sint-Jan-In-Eremo,Sint-Janspolderdijk,opw weg;93309;217736;Sint-Laureins;;Oost-Vlaanderen;Vlaanderen;België;13/3-4;Sint-Jan-in-Eremo;Bekken van de Gentse Kanalen;ROESELAREKREEK;6041736;Onbevaarbaar cat. 2;CAT2;L217_1312;;Lokaal waterlichaam van 2de orde;Nog geen statuut toegekend;0;rivier;RtNt;A2_L217_1312;A1_L111_1011;A0_VL08_172;Afstroomzone van LEOPOLDKANAAL I
212400;Mechelen, verlengde van Nekkerspoel-Borcht aan kruising met Spuibeekstr., loopbrug opw stuw;159017;190355;Mechelen;;Antwerpen;Vlaanderen;België;23/3-4;Mechelen - Noord;Dijle- en Zennebekken;DIJLE;6035784;Bevaarbaar;BEV;VL08_82;DIJLE VI;Vlaams Waterlichaam;Natuurlijk;1;rivier;Rg;A2_VL08_82;A1_VL08_82;A0_VL08_82;Afstroomzone van DIJLE VI
21600;Sint-Margriete,Molenkreekstraat;94000;219500;Sint-Laureins;;Oost-Vlaanderen;Vlaanderen;België;5/7-8;Sint-Laureins - Sint-Margriete;Bekken van de Gentse Kanalen;MOLENKREEK;6041598;Onbevaarbaar cat. 2;CAT2;L217_1312;;Lokaal waterlichaam van 2de orde;Nog geen statuut toegekend;0;rivier;RtNt;A2_L217_1312;A1_L111_1011;A0_VL08_172;Afstroomzone van LEOPOLDKANAAL I
221000;Sint-Joris-Weert, Neerijsebaan, opw brug (BBI: + stenen LO afw brug, opw lozing);169300;165850;Oud-Heverlee;;Vlaams-Brabant;Vlaanderen;België;32/5-6;;Dijle- en Zennebekken;DIJLE;6017033;Onbevaarbaar cat. 1;CAT1;VL05_77;DIJLE I;Vlaams Waterlichaam;Natuurlijk;0;rivier;Rg;A2_VL05_77;A1_VL05_77;A0_VL05_77;Afstroomzone van DIJLE I
22400;Sint-Margriete,Hontseindestraat,opw weg en Hollandersgatkreek;91770;218082;Sint-Laureins;;Oost-Vlaanderen;Vlaanderen;België;13/3-4;Sint-Laureins - Sint-Margriete;Bekken van de Gentse Kanalen;;6041627;Onbevaarbaar cat. 3;CAT3;L217_1303;;Lokaal waterlichaam van 2de orde;Nog geen statuut toegekend;0;rivier;RtNt;A2_L217_1303;A1_VL08_172;A0_VL08_172;Afstroomzone van LEOPOLDKANAAL I
243250;parallelweg naast Koning Boudewijnlaan, opw.weg en baangracht;150687;192242;Willebroek;;Antwerpen;Vlaanderen;België;23/3-4;;Benedenscheldebekken;ZWARTE BEEK - WAVERSLOOP - AGATBEEK;6035201;Onbevaarbaar cat. 2;CAT2;L217_1552;;Lokaal waterlichaam van 2de orde;Nog geen statuut toegekend;0;rivier;RtNt;A2_L217_1552;A1_L111_1058;A0_VL17_42;Afstroomzone van ZEESCHELDE III + RUPEL
253000;K. Govaertsstraat-Krombeekweg, afw brug;175730;199242;Heist-op-den-Berg;;Antwerpen;Vlaanderen;België;16/5-6;Itegem;Netebekken;GROTE NETE - NETE;7027616;Bevaarbaar;BEV;VL08_132;GETIJDENETES;Vlaams Waterlichaam;Natuurlijk;1;rivier;Mlz;A2_VL08_132;A1_VL08_132;A0_VL08_132;Afstroomzone van GETIJDENETES
257200;Zammel,Binnenhoek, uiteinde verlenging;191216;198580;Geel;;Antwerpen;Vlaanderen;België;16/7-8;Westerlo;Netebekken;GROTE NETE - NETE;7027017;Bevaarbaar;BEV;VL11_123;GROTE NETE I;Vlaams Waterlichaam;Natuurlijk;0;rivier;BgK;A2_VL11_123;A1_VL11_123;A0_VL11_123;Afstroomzone van GROTE NETE I
258000;Amocolaan, langs E313, opw brug en lozing Amoco;193171;200900;Geel;;Antwerpen;Vlaanderen;België;16/7-8;Geel;Netebekken;GROTE NETE - NETE;7027103;Onbevaarbaar cat. 1;CAT1;VL11_123;GROTE NETE I;Vlaams Waterlichaam;Natuurlijk;0;rivier;BgK;A2_VL11_123;A1_VL11_123;A0_VL11_123;Afstroomzone van GROTE NETE I
258500;Stelen, Kemeldijk-Wilders, 300m opw duiker onder Albertkanaal;193340;202124;Geel;;Antwerpen;Vlaanderen;België;16/7-8;Geel;Netebekken;GROTE NETE - NETE;7027103;Onbevaarbaar cat. 1;CAT1;VL11_123;GROTE NETE I;Vlaams Waterlichaam;Natuurlijk;0;rivier;BgK;A2_VL11_123;A1_VL11_123;A0_VL11_123;Afstroomzone van GROTE NETE I
269050;"Koningshooikt; zijweg Mechelbaan, 100 m het veld ingaan ; afw monding Holbeek";166937;197573;Lier;;Antwerpen;Vlaanderen;België;24/1-2;;Netebekken;ZUTEWEYBEEK - SUTEWEYBEEK;1500626;Onbevaarbaar cat. 2;CAT2;L217_4576;;Lokaal waterlichaam van 2de orde;Nog geen statuut toegekend;0;rivier;RtNt;A2_L217_4576;A1_L107_644;A0_VL08_132;Afstroomzone van GETIJDENETES
272000;Boudewijnstraat-Netestr., opw brug en overstort;175866;208780;Grobbendonk;;Antwerpen;Vlaanderen;België;16/1-2;Grobbendonk;Netebekken;KLEINE NETE;6016559;Bevaarbaar;BEV;VL08_132;GETIJDENETES;Vlaams Waterlichaam;Natuurlijk;1;rivier;Mlz;A2_VL08_132;A1_VL08_132;A0_VL08_132;Afstroomzone van GETIJDENETES
276500;Oosteneind, opw brug;193505;213960;Kasterlee;;Antwerpen;Vlaanderen;België;16/3-4;Lichtaart;Netebekken;KLEINE NETE;7036580;Onbevaarbaar cat. 1;CAT1;VL11_127;KLEINE NETE II;Vlaams Waterlichaam;Natuurlijk;1;rivier;BgK;A2_VL11_127;A1_VL11_127;A0_VL11_127;Afstroomzone van KLEINE NETE II
276600;Terlo, achteraan op het bedrijfsterrein van Vilatca;194532;214606;Kasterlee;;Antwerpen;Vlaanderen;België;17/1-2;;Netebekken;KLEINE NETE;6011625;Onbevaarbaar cat. 1;CAT1;VL11_127;KLEINE NETE II;Vlaams Waterlichaam;Natuurlijk;1;rivier;BgK;A2_VL11_127;A1_VL11_127;A0_VL11_127;Afstroomzone van KLEINE NETE II
30000;einde Vredekaai,veldweg,thv steiger;110470;211000;Zelzate;;Oost-Vlaanderen;Vlaanderen;België;14/1-2;Zelzate;Bekken van de Gentse Kanalen;KANAAL GENT - TERNEUZEN;6033770;Bevaarbaar;BEV;VL11_165;KANAAL GENT-TERNEUZEN + GENTSE HAVENDOKKEN;Vlaams Waterlichaam;Kunstmatig;0;rivier;Rg;A2_VL11_165;A1_VL11_165;A0_VL11_165;Afstroomzone van KANAAL GENT-TERNEUZEN + GENTSE HAVENDOKKEN
341560;Zemst, doodlopende zijstraat noordzijde Brusselse stwg (tov Heidestr aan zuidzijde), tss Zenne en afleidingskanaal, afw brug Zenne;157305;186511;Zemst;;Vlaams-Brabant;Vlaanderen;België;23/7-8;Grimbergen;Dijle- en Zennebekken;ZENNE;6040286;Bevaarbaar;BEV;VL05_93;ZENNE II;Vlaams Waterlichaam;Natuurlijk;1;rivier;Rg;A2_VL05_93;A1_VL05_93;A0_VL05_93;Afstroomzone van ZENNE II
346500;Vilvoorde, Budastwg., afw weg;153049;177442;Vilvoorde;;Vlaams-Brabant;Vlaanderen;België;31/3-4;;Dijle- en Zennebekken;ZENNE;6015782;Bevaarbaar;BEV;VL05_93;ZENNE II;Vlaams Waterlichaam;Natuurlijk;1;rivier;Rg;A2_VL05_93;A1_VL05_93;A0_VL05_93;Afstroomzone van ZENNE II
347000;Anderlecht, Verwelkomingsstr/Internationalelaan, afw het midden van uitstroming overwelfd gedeelte koker linkeroever;145348;167154;Anderlecht;;Brussel (pro forma);Brussels gewest;België;31/5-6;;Dijle- en Zennebekken;ZENNE;31683;Onbevaarbaar cat. 1;CAT1;VL08_92;ZENNE I;Vlaams Waterlichaam;Natuurlijk;1;rivier;Rg;A2_VL08_92;A1_VL08_92;A0_VL08_92;Afstroomzone van ZENNE I
350100;Lembeek, Perregatstr, opw brug;139325;155467;Halle;;Vlaams-Brabant;Vlaanderen;België;39/2;;Dijle- en Zennebekken;ZENNE;32236;Onbevaarbaar cat. 1;CAT1;VL08_92;ZENNE I;Vlaams Waterlichaam;Natuurlijk;1;rivier;Rg;A2_VL08_92;A1_VL08_92;A0_VL08_92;Afstroomzone van ZENNE I
357900;Eppegem/Verbrande Brug, Erasmuslaan, opw brugje;154083;182125;Zemst;Zemst;Vlaams-Brabant;Vlaanderen;België;23/7-8;Grimbergen;Dijle- en Zennebekken;TANGEBEEK;6041445;Onbevaarbaar cat. 2;CAT2;L107_413;TANGEBEEK;Lokaal waterlichaam van 1ste orde;Natuurlijk;0;rivier;Bk;A2_L107_413;A1_L107_413;A0_VL05_93;Afstroomzone van ZENNE II
358000;Verbrande brug, Westvaartdijk, opw grill van sifon onder kanaal;153181;181710;Grimbergen;;Vlaams-Brabant;Vlaanderen;België;23/7-8;;Dijle- en Zennebekken;TANGEBEEK;6041496;Onbevaarbaar cat. 2;CAT2;L217_3851;;Lokaal waterlichaam van 2de orde;Nog geen statuut toegekend;0;rivier;RtNt;A2_L217_3851;A1_L107_413;A0_VL05_93;Afstroomzone van ZENNE II
363370;St-Martens-Lennik,Varenbergstr, in bocht, tov huis nr 22,opw weg;137783;168112;Lennik;;Vlaams-Brabant;Vlaanderen;België;31/5;;Dijle- en Zennebekken;VARENBERGBEEK;6012891;Niet geklasseerd;CAT9;NG_L217_3951;;Gracht;Nog geen statuut toegekend;0;rivier;NVT;A2_G_L217_3951;A1_G_L107_403;A0_G_L107_403;Afstroomzone van MOLENBEEK - NEERPEDEBEEK
363375;Sint-Martens-Lennik, Varenbergstr, 15 m opw wegje, opw zijbeekje;137658;168117;Lennik;;Vlaams-Brabant;Vlaanderen;België;31/1-2;;Dijle- en Zennebekken;VARENBERGBEEK;6012891;Niet geklasseerd;CAT9;NG_L217_3951;;Gracht;Nog geen statuut toegekend;0;rivier;NVT;A2_G_L217_3951;A1_G_L107_403;A0_G_L107_403;Afstroomzone van MOLENBEEK - NEERPEDEBEEK
365340;Kester, Edingsestwg/Langestr, FC: opw weg (verstevigde goot), BBI: 100 m verder opw, opw betonnen goot;131707;161202;Gooik;;Vlaams-Brabant;Vlaanderen;België;31/5;;Dijle- en Zennebekken;ZUUNBEEK - BERINGENBEEK - BRUGGEPLASBEEK;6042900;Onbevaarbaar cat. 2;CAT2;L217_3891;;Lokaal waterlichaam van 2de orde;Nog geen statuut toegekend;0;rivier;RtNt;A2_L217_3891;A1_L117_1036;A0_VL21_94;Afstroomzone van ZUUNBEEK
376220;St-Katelijne-Waver, Mechelbaan, Heiken, Heivelden (wegje tussen serres), afw weg;163025;193250;Sint-Katelijne-Waver;;Antwerpen;Vlaanderen;België;24/1;;Dijle- en Zennebekken;GROOT HEIKENLOOP - GROOTHEIKENLOOP - GROOT LEIKENLOOP;7025815;Onbevaarbaar cat. 2;CAT2;L217_3813;;Lokaal waterlichaam van 2de orde;Nog geen statuut toegekend;0;rivier;RtNt;A2_L217_3813;A1_L107_648;A0_VL11_88;Afstroomzone van VROUWVLIET
390000;Werchter, Veerpont, afw soldatenbrug;174580;184470;Rotselaar;;Vlaams-Brabant;Vlaanderen;België;24/5-6;;Demerbekken;DEMER;6033143;Bevaarbaar;BEV;VL05_104;DEMER VII;Vlaams Waterlichaam;Natuurlijk;1;rivier;Rg;A2_VL05_104;A1_VL05_104;A0_VL05_104;Afstroomzone van DEMER VII
393000;Molenstede, Vinkenberg, op einde zijweg Steenwg Diest;195421;186829;Scherpenheuvel-Zichem;Scherpenheuvel-Zichem;Vlaams-Brabant;Vlaanderen;België;25/5-6;;Demerbekken;DEMER;6025795;Bevaarbaar;BEV;VL05_103;DEMER VI;Vlaams Waterlichaam;Natuurlijk;1;rivier;Rg;A2_VL05_103;A1_VL05_103;A0_VL05_103;Afstroomzone van DEMER VI
412400;Tessenderlo, Oosterbergen, voorbij RWZI, einde onverharde weg thv gebouwtje, RO afw volgen tot aan bomen RO, weide LO (100 m afw effluent RWZI);202898;193429;Tessenderlo;;Limburg;Vlaanderen;België;25/2;Tessenderlo;Demerbekken;GROTEBEEK - KLEINEBEEK - WINTERBEEK - GENEMEERBEEK;6034901;Onbevaarbaar cat. 1;CAT1;L121_1045;GROTEBEEK - WINTERBEEK;Lokaal waterlichaam van 1ste orde;Natuurlijk;0;rivier;BkK;A2_L121_1045;A1_L121_1045;A0_VL21_97;Afstroomzone van DE HULPE - ZWART WATER
412500;Tessenderlo, Oosterbergen, voorbij RWZI, einde onverharde weg, 5 m afw gebouwtje, 20 m opw effluentlozing RWZI;202976;193540;Tessenderlo;Beringen;Limburg;Vlaanderen;België;25/2;Tessenderlo;Demerbekken;GROTEBEEK - KLEINEBEEK - WINTERBEEK - GENEMEERBEEK;6034901;Onbevaarbaar cat. 1;CAT1;L121_1045;GROTEBEEK - WINTERBEEK;Lokaal waterlichaam van 1ste orde;Natuurlijk;0;rivier;BkK;A2_L121_1045;A1_L121_1045;A0_VL21_97;Afstroomzone van DE HULPE - ZWART WATER
412900;Paal, Paalse weg, 10 m afw. brug en opw zandvang;204342;194398;Beringen;Tessenderlo;Limburg;Vlaanderen;België;25/1-2;Tessenderlo;Demerbekken;GROTEBEEK - KLEINEBEEK - WINTERBEEK - GENEMEERBEEK;6034830;Onbevaarbaar cat. 1;CAT1;L121_1045;GROTEBEEK - WINTERBEEK;Lokaal waterlichaam van 1ste orde;Natuurlijk;0;rivier;BkK;A2_L121_1045;A1_L121_1045;A0_VL21_97;Afstroomzone van DE HULPE - ZWART WATER
422150;Geneiken (Lummen), onverhard en doodlopend zijwegje van Voortstraat (N717), 100 m volgen, opw wegje;208689;190340;Lummen;;Limburg;Vlaanderen;België;25/2;;Demerbekken;VLOEDGRACHT - KLEINE VLOEDGRACHT;6024719;Polder of wateringgracht;POW;NG_L217_4341;;Gracht;Nog geen statuut toegekend;0;rivier;NVT;A2_L217_4341;A1_VL11_117;A0_VL11_117;Afstroomzone van ZWARTEBEEK
422170;Gestel, Toekomststr, drassige onverhard wegje in Gestels Broek, aan hoek van bosje, afw brugje;209393;190774;Lummen;;Limburg;Vlaanderen;België;25/2;;Demerbekken;VLOEDGRACHT - KLEINE VLOEDGRACHT;6024719;Polder of wateringgracht;POW;NG_L217_4341;;Gracht;Nog geen statuut toegekend;0;rivier;NVT;A2_L217_4341;A1_VL11_117;A0_VL11_117;Afstroomzone van ZWARTEBEEK
426605;"Waanrode/Asse, thv Lijnbusstop ""Kabien"", onverharde zijweg van Rijnrodestr, opw weg";196799;180107;Kortenaken;Bekkevoort;Vlaams-Brabant;Vlaanderen;België;25/5;;Demerbekken;RIJNRODEBEEK - IJZERENBEEK;6023009;Onbevaarbaar cat. 2;CAT2;L217_4301;;Lokaal waterlichaam van 2de orde;Nog geen statuut toegekend;0;rivier;RtNt;A2_L217_4301;A1_VL05_115;A0_VL05_115;Afstroomzone van VELPE
426930;Opvelp, Aarschotsestr, tov huis nr 1, opw kasseiweg;180263;167748;Bierbeek;Bierbeek;Vlaams-Brabant;Vlaanderen;België;32/7-8;Neervelp;Demerbekken;KLEIN BEEK;6009415;Onbevaarbaar cat. 2;CAT2;L217_4311;;Lokaal waterlichaam van 2de orde;Nog geen statuut toegekend;0;rivier;RtNt;A2_L217_4311;A1_L111_436;A0_VL05_115;Afstroomzone van VELPE
426990;Halen, Mosstraat, afw. brug, na samenvloeiing met Herk;202522;183337;Halen;;Limburg;Vlaanderen;België;25/5-6;Halen;Demerbekken;GETE;6030143;Onbevaarbaar cat. 1;CAT1;VL05_106;GETE II;Vlaams Waterlichaam;Natuurlijk;1;rivier;Rg;A2_VL05_106;A1_VL05_106;A0_VL05_106;Afstroomzone van GETE II
437000;St-Truiden, Speelhoflaan to veemarkt, afw brug;207990;168230;Sint-Truiden;;Limburg;Vlaanderen;België;33/1-2;;Demerbekken;CICINDRIA;6021706;Onbevaarbaar cat. 2;CAT2;L111_1076;CICINDRIA;Lokaal waterlichaam van 1ste orde;Natuurlijk;1;rivier;Bk;A2_L111_1076;A1_L111_1076;A0_VL11_207;Afstroomzone van MELSTERBEEK I+II
449890;zijbeek Terbermenbeek, Herk-de-Stad, Vogelzangstr, links van oprit huis, 5 m opw weg+LZP;209246;179125;Herk-de-Stad;;Limburg;Vlaanderen;België;25/6;Halen;Demerbekken;ZIJTAK TERBERMENBEEK;6043678;Polder of wateringgracht;POW;NG_L217_4265;;Gracht;Nog geen statuut toegekend;0;rivier;NVT;A2_L217_4265;A1_VL05_108;A0_VL05_108;Afstroomzone van HERK + KLEINE HERK
454250;Zonhoven, Kriekelstr, afw weg;218288;189507;Zonhoven;;Limburg;Vlaanderen;België;25/3-4;;Demerbekken;LAAMBEEK;6034778;Onbevaarbaar cat. 2;CAT2;L107_836;LAAMBEEK;Lokaal waterlichaam van 1ste orde;Natuurlijk;0;rivier;BkK;A2_L107_836;A1_L107_836;A0_VL05_110;Afstroomzone van MANGELBEEK
454260;Zonhoven, afrit 29 Hasselt, onverhard zijwegje parallel met Grote Baan (N715), afw weg;220290;189333;Zonhoven;;Limburg;Vlaanderen;België;25/4;Zonhoven;Demerbekken;LAAMBEEK;7065791;Onbevaarbaar cat. 2;CAT2;L107_836;LAAMBEEK;Lokaal waterlichaam van 1ste orde;Natuurlijk;0;rivier;BkK;A2_L107_836;A1_L107_836;A0_VL05_110;Afstroomzone van MANGELBEEK
479200;Leefdaal, Lange Gracht, naast huisnr.6, opw weg;164900;170250;Bertem;;Vlaams-Brabant;Vlaanderen;België;32/1-2;;Dijle- en Zennebekken;VOER;7035001;Onbevaarbaar cat. 2;CAT2;L107_449;VOER (BERTEM);Lokaal waterlichaam van 1ste orde;Natuurlijk;0;rivier;Bk;A2_L107_449;A1_L107_449;A0_VL05_87;Afstroomzone van VOER (Leuven)
479500;Vossem, Kouterstr, opw houten brugje;163330;169200;Tervuren;;Vlaams-Brabant;Vlaanderen;België;32/1-2;;Dijle- en Zennebekken;VOER;7008279;Onbevaarbaar cat. 2;CAT2;L107_449;VOER (BERTEM);Lokaal waterlichaam van 1ste orde;Natuurlijk;0;rivier;Bk;A2_L107_449;A1_L107_449;A0_VL05_87;Afstroomzone van VOER (Leuven)
485550;Zijbeek IJsse, St-Jansbergsesteenweg, in bocht, opw weg en overstort;166805;166230;Huldenberg;;Vlaams-Brabant;Vlaanderen;België;32/5;;Dijle- en Zennebekken;WATERLOOP;6032197;Onbevaarbaar cat. 2;CAT2;L217_3684;;Lokaal waterlichaam van 2de orde;Nog geen statuut toegekend;0;rivier;RtNt;A2_L217_3684;A1_VL11_83;A0_VL11_83;Afstroomzone van IJSSE
488950;Huldenberg, Wolfshaegen/Steenbeek,langs apotheek nr93, opw weg;168043;164235;Huldenberg;;Vlaams-Brabant;Vlaanderen;België;32/5;;Dijle- en Zennebekken;LOOP - VLOETGROUBBE;6032272;Onbevaarbaar cat. 2;CAT2;L217_3641;;Lokaal waterlichaam van 2de orde;Nog geen statuut toegekend;0;rivier;RtNt;A2_L217_3641;A1_VL11_84;A0_VL11_84;Afstroomzone van LAAN
489400;Zijbeek Laan, Tombeek, Abstraat, 2 m opw weg en verval;164904;161029;Overijse;;Vlaams-Brabant;Vlaanderen;België;32/5;Huldenberg;Dijle- en Zennebekken;;7008240;Niet geklasseerd;CAT9;NG_VL11_84;;Gracht;Nog geen statuut toegekend;0;rivier;NVT;A2_VL11_84;A1_VL11_84;A0_VL11_84;Afstroomzone van LAAN
499500;Sint-Onolfsdijk - Schoolstraat,thv meetstation;129551;191944;Dendermonde;;Oost-Vlaanderen;Vlaanderen;België;22/3-4;Dendermonde;Benedenscheldebekken;DENDER;6035787;Bevaarbaar;BEV;VL08_71;DENDER V;Vlaams Waterlichaam;Natuurlijk;1;rivier;Rg;A2_VL08_71;A1_VL08_71;A0_VL08_71;Afstroomzone van DENDER V
511000;Overboelare,afw brug Majoor van Lierdelaan;114593;161378;Geraardsbergen;;Oost-Vlaanderen;Vlaanderen;België;30/7-8;Geraardsbergen;Denderbekken;DENDER;6032094;Bevaarbaar;BEV;VL05_67;DENDER I;Vlaams Waterlichaam;Natuurlijk;1;rivier;Rg;A2_VL05_67;A1_VL05_67;A0_VL05_67;Afstroomzone van DENDER I
546400;Adolf Papeleustraat,veldweg,opw weg;117896;186759;Wetteren;;Oost-Vlaanderen;Vlaanderen;België;22/7-8;Wichelen;Benedenscheldebekken;BOSKANTGRACHT;6029510;Onbevaarbaar cat. 2;CAT2;L217_1506;;Lokaal waterlichaam van 2de orde;Nog geen statuut toegekend;0;rivier;RtNt;A2_L217_1506;A1_VL11_40;A0_VL11_40;Afstroomzone van ZEESCHELDE I
558700;Balegem,Apostelstraat,afw weg;110520;177984;Oosterzele;;Oost-Vlaanderen;Vlaanderen;België;30/1-2;Oosterzele;Benedenscheldebekken;MOLENBEEK - GONDEBEEK;4205108;Onbevaarbaar cat. 2;CAT2;L217_1513;;Lokaal waterlichaam van 2de orde;Nog geen statuut toegekend;0;rivier;RtNt;A2_L217_1513;A1_L107_282;A0_VL11_40;Afstroomzone van ZEESCHELDE I
569500;Drongensemeersen,Bunderweg;101245;193973;Gent;;Oost-Vlaanderen;Vlaanderen;België;22/1-2;Gent;Bekken van de Gentse Kanalen;NOORDELIJKE LEIE - ARM VAN DRONGEN;6030981;Bevaarbaar;BEV;L217_1141;;Lokaal waterlichaam van 2de orde;Nog geen statuut toegekend;0;rivier;RtNt;A2_L217_1141;A1_VL08_162;A0_VL08_162;Afstroomzone van KANAAL GENT-OOSTENDE I + COUPURE + VERBINDINGSKANAAL
570150;"RV: Sport-en Recreatiepark De Blaarmeersen; Zuiderlaan 12,noordelijk deel";102192;192835;Gent;;Oost-Vlaanderen;Vlaanderen;België;22/1-2;Gent;Bekken van de Gentse Kanalen;BLAARMEERSEN;99200003;Vijver;VIJV;NVT;Niet van toepassing;;;0;;;;;;
581000;Lauwestraat, brug nr Lauwe;66809;166287;Wevelgem;Menen;West-Vlaanderen;Vlaanderen;België;29/5-6;Menen;Leiebekken;LEIE - GRENSLEIE;6009814;Bevaarbaar;BEV;VL17_48;LEIE I;Vlaams Waterlichaam;Natuurlijk;1;rivier;Rg;A2_VL17_48;A1_VL17_48;A0_VL17_48;Afstroomzone van LEIE I
591950;Bisdonkstraat, veldwegel thv bocht;90444;182155;Zulte;Kruisem;Oost-Vlaanderen;Vlaanderen;België;21/7-8;;Leiebekken;STOKSTORMBEEK;4101199;Onbevaarbaar cat. 2;CAT2;L217_2071;;Lokaal waterlichaam van 2de orde;Nog geen statuut toegekend;0;rivier;RtNt;A2_L217_2071;A1_L107_241;A0_VL17_54;Afstroomzone van TOERISTISCHE LEIE
6000;Ramskapelle, Vaartdijk, grens Zeebrugge;70580;224570;Brugge;Knokke-Heist;West-Vlaanderen;Vlaanderen;België;5/5-6;;Bekken van de Brugse Polders;LEOPOLDKANAAL;6354;Bevaarbaar;BEV;VL08_173;LEOPOLDKANAAL II;Vlaams Waterlichaam;Kunstmatig;0;rivier;Rk;A2_VL08_173;A1_VL08_173;A0_VL08_173;Afstroomzone van LEOPOLDKANAAL II
604050;Vinkstraat;76554;180560;Oostrozebeke;;West-Vlaanderen;Vlaanderen;België;21/5-6;;Leiebekken;KALLEMOEIBEEK;5011655;Onbevaarbaar cat. 2;CAT2;L217_2201;;Lokaal waterlichaam van 2de orde;Nog geen statuut toegekend;0;rivier;RtNt;A2_L217_2201;A1_VL05_52;A0_VL05_52;Afstroomzone van MANDEL II
608015;Oostnieuwkerke, Cortonstraat;56950;180490;Staden;;West-Vlaanderen;Vlaanderen;België;20/7-8;;Leiebekken;MANDEL;6024806;Onbevaarbaar cat. 2;CAT2;L217_2191;;Lokaal waterlichaam van 2de orde;Nog geen statuut toegekend;0;rivier;RtNt;A2_L217_2191;A1_L111_1084;A0_VL05_51;Afstroomzone van MANDEL I
613523;Koornzak, Oude Paanderstraat - zijweg;74981;181924;Meulebeke;;West-Vlaanderen;Vlaanderen;België;21/5-6;;Leiebekken;CITROENBEEK;6020301;Onbevaarbaar cat. 2;CAT2;L217_2221;;Lokaal waterlichaam van 2de orde;Nog geen statuut toegekend;0;rivier;RtNt;A2_L217_2221;A1_VL05_44;A0_VL05_44;Afstroomzone van DEVEBEEK
616012;Baertstraat;72512;188727;Pittem;;West-Vlaanderen;Vlaanderen;België;21/1-2;;Leiebekken;GAVERBEEK;6006255;Onbevaarbaar cat. 2;CAT2;L217_2231;;Lokaal waterlichaam van 2de orde;Nog geen statuut toegekend;0;rivier;RtNt;A2_L217_2231;A1_L107_78;A0_VL05_44;Afstroomzone van DEVEBEEK
621100;Wezestraat;68535;184821;Ardooie;;West-Vlaanderen;Vlaanderen;België;21/5-6;Roeselare;Leiebekken;MOTEBEEK;6043755;Onbevaarbaar cat. 2;CAT2;L217_2193;;Lokaal waterlichaam van 2de orde;Nog geen statuut toegekend;0;rivier;RtNt;A2_L217_2193;A1_L107_83;A0_VL05_51;Afstroomzone van MANDEL I
624050;"Oekene; Burgemeestersstraat, wandelpad voorbij begraafplaats";65458;179211;Roeselare;;West-Vlaanderen;Vlaanderen;België;;;Leiebekken;SCHEIDINGSBEEK;6026685;Onbevaarbaar cat. 2;CAT2;L217_2194;;Lokaal waterlichaam van 2de orde;Nog geen statuut toegekend;0;rivier;RtNt;A2_L217_2194;A1_L107_82;A0_VL05_51;Afstroomzone van MANDEL I
630000;St.-Eloois-Vijve, Gentseweg;82772;177588;Waregem;;West-Vlaanderen;Vlaanderen;België;29/3-4;;Leiebekken;GAVERBEEK;6029846;Onbevaarbaar cat. 1;CAT1;VL05_45;GAVERBEEK I;Vlaams Waterlichaam;Natuurlijk;1;rivier;Bg;A2_VL05_45;A1_VL05_45;A0_VL05_45;Afstroomzone van GAVERBEEK I
630300;Meiweg;84129;176435;Waregem;;West-Vlaanderen;Vlaanderen;België;29/3-4;;Leiebekken;GAVERBEEK;6034651;Onbevaarbaar cat. 1;CAT1;VL05_45;GAVERBEEK I;Vlaams Waterlichaam;Natuurlijk;1;rivier;Bg;A2_VL05_45;A1_VL05_45;A0_VL05_45;Afstroomzone van GAVERBEEK I
659070;Bossuit,Doorniksesteenweg-Jaagpad,einde weg afw sluis;82308;160632;Zwevegem;;West-Vlaanderen;Vlaanderen;België;29/7-8;Helkijn;Bovenscheldebekken;KANAAL BOSSUIT-KORTRIJK - KANAAL VAN BOSSUIT NAAR KORTRIJK;7028949;Bevaarbaar;BEV;VL22_219;KANAAL BOSSUIT-KORTRIJK - Bovenscheldebekken;Vlaams Waterlichaam;Kunstmatig;0;rivier;Rg;A2_VL22_219;A1_VL22_219;A0_VL22_219;Afstroomzone van KANAAL BOSSUIT-KORTRIJK - Bovenscheldebekken
667220;Beselare, Oude Kortrijkstraat, Reutel;53576;171844;Zonnebeke;;West-Vlaanderen;Vlaanderen;België;28/3-4;;Leiebekken;POLYGONEBEEK;6022384;Onbevaarbaar cat. 2;CAT2;L217_2012;;Lokaal waterlichaam van 2de orde;Nog geen statuut toegekend;0;rivier;RtNt;A2_L217_2012;A1_L111_1003;A0_VL17_48;Afstroomzone van LEIE I
676005;St. Joris, Ramskapellestraat-zijweg;38194;202728;Nieuwpoort;;West-Vlaanderen;Vlaanderen;België;12/5-6;;IJzerbekken;ST. JORISGELEED;6019058;Onbevaarbaar cat. 2;CAT2;L217_0322;;Lokaal waterlichaam van 2de orde;Nog geen statuut toegekend;0;rivier;RtNt;A2_L217_0322;A1_VL11_13;A0_VL11_13;Afstroomzone van VEURNE AMBACHT POLDER WATERLOPEN
677105;Lo, Klarewal-zijweg;34570;188325;Lo-Reninge;;West-Vlaanderen;Vlaanderen;België;20/1-2;;IJzerbekken;COLLAERTSHILLEBEEK;6003175;Onbevaarbaar cat. 2;CAT2;L217_0323;;Lokaal waterlichaam van 2de orde;Nog geen statuut toegekend;0;rivier;RtNt;A2_L217_0323;A1_VL11_13;A0_VL11_13;Afstroomzone van VEURNE AMBACHT POLDER WATERLOPEN
678010;Nieuwkapelle, Lostraat, Grote Beverdijkbrug;39420;188320;Diksmuide;;West-Vlaanderen;Vlaanderen;België;20/1-2;;IJzerbekken;REEPDIJK;6002961;Onbevaarbaar cat. 2;CAT2;L217_0261;;Lokaal waterlichaam van 2de orde;Nog geen statuut toegekend;0;rivier;RtNt;A2_L217_0261;A1_VL17_174;A0_VL17_174;Afstroomzone van LOKANAAL
680000;Oostduinkerke, Veurnekeiweg, Pelikaan;36550;202500;Koksijde;;West-Vlaanderen;Vlaanderen;België;12/5-6;;IJzerbekken;KANAAL PLASSENDALE-DUINKERKEN - KANAAL VAN NIEUWPOORT NAAR DUINKERKEN (BELGISCH GEDEELTE);6033680;Bevaarbaar;BEV;VL17_161;KANAAL DUINKERKE-NIEUWPOORT;Vlaams Waterlichaam;Kunstmatig;0;rivier;Rg;A2_VL17_161;A1_VL17_161;A0_VL17_161;Afstroomzone van KANAAL DUINKERKE-NIEUWPOORT
69000;"Loenhout; Larenweg, (Bio) afw brug; (FC) opw brug";169526;234555;Wuustwezel;;Antwerpen;Vlaanderen;België;8/1-2;Loenhout;Maasbekken;SLUISKENSBEEK;6042407;Onbevaarbaar cat. 2;CAT2;L107_613;SLUISKENSVIJVER;Lokaal waterlichaam van 1ste orde;Natuurlijk;1;rivier;BkK;A2_L107_613;A1_L107_613;A0_VL05_148;Afstroomzone van WEERIJSEBEEK
690033;Leisele, Kerselaarstraat;28150;187620;Alveringem;;West-Vlaanderen;Vlaanderen;België;19/7-8;;IJzerbekken;VOUTEBEEK;5004284;Onbevaarbaar cat. 2;CAT2;L217_0301;;Lokaal waterlichaam van 2de orde;Nog geen statuut toegekend;0;rivier;RtNt;A2_L217_0301;A1_VL05_153;A0_VL05_153;Afstroomzone van BERGENVAART
692050;Beerst, Beerstblote, Oostendestraat-zijstraat, afw;44486;194594;Diksmuide;;West-Vlaanderen;Vlaanderen;België;20/1-2;;IJzerbekken;REIGAARTSVLIET;6004803;Onbevaarbaar cat. 2;CAT2;L217_0391;;Lokaal waterlichaam van 2de orde;Nog geen statuut toegekend;0;rivier;RtNt;A2_L217_0391;A1_L111_1048;A0_VL05_14;Afstroomzone van VLADSLOVAART
692340;Beerst, Nachtegaalstraat, Hoograad;46420;195640;Diksmuide;;West-Vlaanderen;Vlaanderen;België;20/1-2;;IJzerbekken;KAMARDEBEEK;6003865;Onbevaarbaar cat. 2;CAT2;L217_0391;;Lokaal waterlichaam van 2de orde;Nog geen statuut toegekend;0;rivier;RtNt;A2_L217_0391;A1_L111_1048;A0_VL05_14;Afstroomzone van VLADSLOVAART
692600;Vladslo, Vladslostraat;47651;192996;Diksmuide;;West-Vlaanderen;Vlaanderen;België;20/1-2;;IJzerbekken;VLADSLOVAART;6003831;Onbevaarbaar cat. 2;CAT2;L217_0391;;Lokaal waterlichaam van 2de orde;Nog geen statuut toegekend;0;rivier;RtNt;A2_L217_0391;A1_L111_1048;A0_VL05_14;Afstroomzone van VLADSLOVAART
69500;"Wlp: ex Steertheuvelse loop; Heivelden, afw brug";166247;235288;Wuustwezel;;Antwerpen;Vlaanderen;België;8/1-2;Kalmthout;Maasbekken;SCHROBBERSLOOP;1000709;Onbevaarbaar cat. 2;CAT2;L217_5468;;Lokaal waterlichaam van 2de orde;Nog geen statuut toegekend;0;rivier;RtNt;A2_G_L217_5468;A1_G_L217_5468;A0_G_L217_5468;Afstroomzone van
700400;Hukkelgem - Roskam, Geraardsbergse Voetweg;107150;187918;Merelbeke;;Oost-Vlaanderen;Vlaanderen;België;22/5-6;Merelbeke;Benedenscheldebekken;SCHELLEBELLEBEEK - MORELSGOEDBEEK;4205053;Onbevaarbaar cat. 2;CAT2;L217_1501;;Lokaal waterlichaam van 2de orde;Nog geen statuut toegekend;0;rivier;RtNt;A2_L217_1501;A1_VL11_40;A0_VL11_40;Afstroomzone van ZEESCHELDE I
700500;Heidestraat, veldweg, opw weg;108084;187139;Merelbeke;;Oost-Vlaanderen;Vlaanderen;België;22/5-6;Merelbeke;Benedenscheldebekken;SCHELLEBELLEBEEK - MORELSGOEDBEEK;4205041;Onbevaarbaar cat. 2;CAT2;L217_1501;;Lokaal waterlichaam van 2de orde;Nog geen statuut toegekend;0;rivier;RtNt;A2_L217_1501;A1_VL11_40;A0_VL11_40;Afstroomzone van ZEESCHELDE I
70550;Henxbroek, naast de weg thv de bocht, afw brugje;171337;229230;Brecht;;Antwerpen;Vlaanderen;België;8/1-2;;Maasbekken;EESTERBEEK;1501342;Onbevaarbaar cat. 2;CAT2;L217_5273;;Lokaal waterlichaam van 2de orde;Nog geen statuut toegekend;0;rivier;RtNt;A2_L217_5273;A1_L111_1050;A0_VL05_148;Afstroomzone van WEERIJSEBEEK
710800;Moregem + Ooike,Pareel,Pareelstraat,afw weg;92060;171466;Wortegem-Petegem;;Oost-Vlaanderen;Vlaanderen;België;29/3-4;Oudenaarde;Bovenscheldebekken;VOLKAARTBEEK - MOLENBEEK - VOSBEEK - VOLKAARTSBEEK;4101678;Onbevaarbaar cat. 2;CAT2;L217_2525;;Lokaal waterlichaam van 2de orde;Nog geen statuut toegekend;0;rivier;RtNt;A2_L217_2525;A1_VL17_204;A0_VL17_204;Afstroomzone van BOVEN-SCHELDE II+III
71200;hoek Schietveldweg-Berkvenweg, afw weg en grachten;167808;230810;Wuustwezel;;Antwerpen;Vlaanderen;België;8/1-2;;Maasbekken;KONINGSVENLOOP;6038543;Onbevaarbaar cat. 2;CAT2;L217_5271;;Lokaal waterlichaam van 2de orde;Nog geen statuut toegekend;0;rivier;RtNt;A2_L217_5271;A1_L107_614;A0_VL05_148;Afstroomzone van WEERIJSEBEEK
716830;Munkzwalm,Terweeënstraat,opw weg;104967;173377;Zwalm;;Oost-Vlaanderen;Vlaanderen;België;30/1-2;Zwalm;Bovenscheldebekken;;4206395;Onbevaarbaar cat. 3;CAT3;L217_2621;;Lokaal waterlichaam van 2de orde;Nog geen statuut toegekend;0;rivier;RtNt;A2_L217_2621;A1_VL11_63;A0_VL11_63;Afstroomzone van ZWALM
72000;"Nederland; Alphen-Chaam; Galder; Hollandse Dreef, opw Markbrug";178630;244024;Hoogstraten;;Antwerpen;Vlaanderen;België;2/7-8;Hoogstraten;Maasbekken;MARK - DE MARK;6027709;Onbevaarbaar cat. 1;CAT1;VL11_145;MARK (Maas);Vlaams Waterlichaam;Natuurlijk;1;rivier;BgK;A2_VL11_145;A1_VL11_145;A0_VL11_145;Afstroomzone van MARK (Maas)
721800;Sint-Blasius-Boekel,Bosseveld,opw weg;104126;170052;Zwalm;Horebeke;Oost-Vlaanderen;Vlaanderen;België;30/1-2;Nederzwalm;Bovenscheldebekken;;4206445;Niet geklasseerd;CAT9;NG_L217_2631;;Gracht;Nog geen statuut toegekend;0;rivier;NVT;A2_L217_2631;A1_L107_266;A0_VL11_63;Afstroomzone van ZWALM
744000;Spiere,Sluisweg,opw weg;79082;157164;Spiere-Helkijn;;West-Vlaanderen;Vlaanderen;België;37/1-2;Pont-Bleu (Wal.);Bovenscheldebekken;ZWARTE SPIERE;6020868;Onbevaarbaar cat. 1;CAT1;VL05_64;ZWARTE SPIEREBEEK;Vlaams Waterlichaam;Natuurlijk;1;rivier;Bg;A2_VL05_64;A1_VL05_64;A0_VL05_64;Afstroomzone van ZWARTE SPIEREBEEK
745000;Spiere,Pijpestraat,afw weg;77837;157988;Spiere-Helkijn;;West-Vlaanderen;Vlaanderen;België;37/1-2;Pont-Bleu (Wal.);Bovenscheldebekken;GROTE SPIERE - GROTE SPIEREBEEK - FABRIEKSBEEK - BONDILLEBEEK;6020863;Onbevaarbaar cat. 1;CAT1;VL11_59;GROTE SPIEREBEEK;Vlaams Waterlichaam;Natuurlijk;1;rivier;Bg;A2_VL11_59;A1_VL11_59;A0_VL11_59;Afstroomzone van GROTE SPIEREBEEK
764600;Oude Burkelslag, zijstraat;83300;209240;Maldegem;;Oost-Vlaanderen;Vlaanderen;België;13/3-4;;Bekken van de Brugse Polders;BIESTWATERGANG - WITTEMOERWATERGANG - WITTE MOERBEEK;6039137;Onbevaarbaar cat. 2;CAT2;L222_0591;;Lokaal waterlichaam van 2de orde;Nog geen statuut toegekend;0;rivier;RtNt;A2_L222_0591;A1_L111_1110;A0_VL22_218;Afstroomzone van AFLEIDINGSKANAAL van de LEIE II - Bekken van de Brugse polders
765007;Zeebrugge, Alfred Ronsestraat;70611;224389;Brugge;Knokke-Heist;West-Vlaanderen;Vlaanderen;België;5/5-6;;Bekken van de Brugse Polders;AFLEIDINGSKANAAL VAN DE LEIE - AFLEIDINGSKANAAL DER LEIE - SCHIPDONKKANAAL;6025952;Bevaarbaar;BEV;VL22_218;AFLEIDINGSKANAAL van de LEIE II - Bekken van de Brugse polders;Vlaams Waterlichaam;Kunstmatig;0;rivier;Rg;A2_VL22_218;A1_VL22_218;A0_VL22_218;Afstroomzone van AFLEIDINGSKANAAL van de LEIE II - Bekken van de Brugse polders
768000;Merendree,Hansbekestraat,Merendreebrug;93948;196249;Deinze;;Oost-Vlaanderen;Vlaanderen;België;21/3-4;Nevele;Bekken van de Gentse Kanalen;AFLEIDINGSKANAAL VAN DE LEIE - AFLEIDINGSKANAAL DER LEIE - SCHIPDONKKANAAL;6025168;Bevaarbaar;BEV;VL05_150;AFLEIDINGSKANAAL van de LEIE/SCHIPDONKKANAAL I;Vlaams Waterlichaam;Kunstmatig;0;rivier;Rg;A2_VL05_150;A1_VL05_150;A0_VL05_150;Afstroomzone van AFLEIDINGSKANAAL van de LEIE/SCHIPDONKKANAAL I
768300;Vaart Links,Nevelebrug;92610;191670;Deinze;;Oost-Vlaanderen;Vlaanderen;België;21/3-4;Nevele;Bekken van de Gentse Kanalen;AFLEIDINGSKANAAL VAN DE LEIE - AFLEIDINGSKANAAL DER LEIE - SCHIPDONKKANAAL;6033367;Bevaarbaar;BEV;VL05_150;AFLEIDINGSKANAAL van de LEIE/SCHIPDONKKANAAL I;Vlaams Waterlichaam;Kunstmatig;0;rivier;Rg;A2_VL05_150;A1_VL05_150;A0_VL05_150;Afstroomzone van AFLEIDINGSKANAAL van de LEIE/SCHIPDONKKANAAL I
770000;Prins Albertlaan;50845;213408;Oostende;;West-Vlaanderen;Vlaanderen;België;12/3-4;Oostende;Bekken van de Brugse Polders;KANAAL VAN GENT NAAR OOSTENDE;6035769;Bevaarbaar;BEV;VL08_164;KANAAL GENT-OOSTENDE III;Vlaams Waterlichaam;Kunstmatig;0;rivier;Rg;A2_VL08_164;A1_VL08_164;A0_VL08_164;Afstroomzone van KANAAL GENT-OOSTENDE III
788300;Haantjen,opw weg en monding in 't Liefken;99544;200149;Evergem;Lievegem;Oost-Vlaanderen;Vlaanderen;België;14/5-6;Gent;Bekken van de Gentse Kanalen;WITAKKER;6037964;Onbevaarbaar cat. 3;CAT3;L217_1201;;Lokaal waterlichaam van 2de orde;Nog geen statuut toegekend;0;rivier;RtNt;A2_L217_1201;A1_VL17_154;A0_VL17_154;Afstroomzone van BRAKELEIKEN + LIEVE
790000;Ertvelde,Spiegelstraat,opw weg;102711;206635;Evergem;;Oost-Vlaanderen;Vlaanderen;België;14/5-6;Ertvelde;Bekken van de Gentse Kanalen;BURGGRAVENSTROOM;6019938;Onbevaarbaar cat. 2;CAT2;L117_219;BURGGRAVENSTROOM;Lokaal waterlichaam van 1ste orde;Kunstmatig;0;rivier;Bk;A2_L117_219;A1_L117_219;A0_VL05_152;Afstroomzone van AVRIJEVAART + SLEIDINGSVAARDEKE
79150;"Meerle; Voort; Zwartvenweg; opw. weg";179130;239270;Hoogstraten;;Antwerpen;Vlaanderen;België;2/7-8;;Maasbekken;ZWARTVENLOOP - ZWARTELOOP - SCHOORSE LOOP - ZWARTE LOOP;1000624;Onbevaarbaar cat. 2;CAT2;L217_5234;;Lokaal waterlichaam van 2de orde;Nog geen statuut toegekend;0;rivier;RtNt;A2_L217_5234;A1_L107_603;A0_VL11_145;Afstroomzone van MARK (Maas)
792000;Sleidinge,Bosstraat;99453;204245;Evergem;Lievegem;Oost-Vlaanderen;Vlaanderen;België;14/5-6;Evergem;Bekken van de Gentse Kanalen;BRAKELEIKE - 'T LEIKEN;6019797;Onbevaarbaar cat. 1;CAT1;VL17_154;BRAKELEIKEN + LIEVE;Vlaams Waterlichaam;Kunstmatig;0;rivier;Rk;A2_VL17_154;A1_VL17_154;A0_VL17_154;Afstroomzone van BRAKELEIKEN + LIEVE
8100;Sijsele, Brieversweg, Kaleshoek;79835;214004;Damme;;West-Vlaanderen;Vlaanderen;België;13/1-2;;Bekken van de Brugse Polders;KALESHOEKBEEK;6034597;Onbevaarbaar cat. 2;CAT2;L217_0612;;Lokaal waterlichaam van 2de orde;Nog geen statuut toegekend;0;rivier;RtNt;A2_L217_0612;A1_L107_136;A0_VL08_173;Afstroomzone van LEOPOLDKANAAL II
810100;"Oelegem; thv inlaat AWW-bekkens";167671;209965;Ranst;;Antwerpen;Vlaanderen;België;16/1-2;;Netebekken;ALBERTKANAAL;6030826;Bevaarbaar;BEV;VL22_210;ALBERTKANAAL - Netebekken;Vlaams Waterlichaam;Kunstmatig;0;rivier;Rg;A2_VL22_210;A1_VL22_210;A0_VL22_210;Afstroomzone van ALBERTKANAAL - Netebekken
816000;Dudzele, Dudzeelse Brug;69334;218432;Brugge;;West-Vlaanderen;Vlaanderen;België;5/5-6;;Bekken van de Brugse Polders;KANAAL BRUGGE- ZEEBRUGGE - BOUDEWIJNKANAAL - KANAAL BRUGGE - ZEEBRUGGE;6033756;Bevaarbaar;BEV;VL17_190;BOUDEWIJNKANAAL + ACHTERHAVEN ZEEBRUGGE;Vlaams Waterlichaam;Kunstmatig;0;meer;Bs;A2_VL17_190;A1_VL17_190;A0_VL17_190;Afstroomzone van BOUDEWIJNKANAAL + ACHTERHAVEN ZEEBRUGGE
816040;Pathoekeweg-zijwegel, thv OMC/petroleumtanks;69760;215300;Brugge;;West-Vlaanderen;Vlaanderen;België;13/1-2;;Bekken van de Brugse Polders;KANAAL BRUGGE- ZEEBRUGGE - BOUDEWIJNKANAAL - KANAAL BRUGGE - ZEEBRUGGE;6033756;Bevaarbaar;BEV;VL17_190;BOUDEWIJNKANAAL + ACHTERHAVEN ZEEBRUGGE;Vlaams Waterlichaam;Kunstmatig;0;meer;Bs;A2_VL17_190;A1_VL17_190;A0_VL17_190;Afstroomzone van BOUDEWIJNKANAAL + ACHTERHAVEN ZEEBRUGGE
819800;Hasselt (Godsheide) via Boksbeemdenstraat en jaagpad, thv AFW tuikabelbrug, aan trap, LO Albertkanaal;222487;181504;Hasselt;;Limburg;Vlaanderen;België;25/7-8;Hasselt;Demerbekken;ALBERTKANAAL;6031514;Bevaarbaar;BEV;VL22_209;ALBERTKANAAL - Demerbekken;Vlaams Waterlichaam;Kunstmatig;0;rivier;Rg;A2_VL22_209;A1_VL22_209;A0_VL22_209;Afstroomzone van ALBERTKANAAL - Demerbekken
824000;"Kanne, FC: Trekweg op Canne, LO, opw brug; BBI:aan de brug";241872;167342;Riemst;;Limburg;Vlaanderen;België;34/6;Maastricht - Bosscherveld (NL);Maasbekken;ALBERTKANAAL;6031502;Bevaarbaar;BEV;VL22_208;ALBERTKANAAL - Maasbekken;Vlaams Waterlichaam;Kunstmatig;0;rivier;Rg;A2_VL22_208;A1_VL22_208;A0_VL22_208;Afstroomzone van ALBERTKANAAL - Maasbekken
82870;Elsbroeken, Leemputten, achter kapel;176955;230972;Rijkevorsel;;Antwerpen;Vlaanderen;België;8/1-2;;Maasbekken;KASTEELBEEK - HEESBEEK;1502450;Onbevaarbaar cat. 2;CAT2;L217_5221;;Lokaal waterlichaam van 2de orde;Nog geen statuut toegekend;0;rivier;RtNt;A2_L217_5221;A1_VL11_145;A0_VL11_145;Afstroomzone van MARK (Maas)
83900;Wendelschoor, Vondelweg, opw weg;185551;229121;Merksplas;;Antwerpen;Vlaanderen;België;8/3-4;;Maasbekken;BIEZENLOOP - BIESELOOP;1502377;Onbevaarbaar cat. 3;CAT3;L217_5232;;Lokaal waterlichaam van 2de orde;Nog geen statuut toegekend;0;rivier;RtNt;A2_L217_5232;A1_L107_610;A0_VL11_145;Afstroomzone van MARK (Maas)
845800;"Mol; Sas VII, opwaarts sas.";196902;211527;Geel;Mol;Antwerpen;Vlaanderen;België;17/1-2;;Netebekken;KANAAL VAN BOCHOLT NAAR HERENTALS;7025502;Bevaarbaar;BEV;VL22_212;KANAAL DESSEL-KWAADMECHELEN + KANAAL DESSEL-SCHOTEN + KANAAL BOCHOLT-HERENTALS - Netebekken;Vlaams Waterlichaam;Kunstmatig;0;rivier;Rg;A2_VL22_212;A1_VL22_212;A0_VL22_212;Afstroomzone van KANAAL DESSEL-KWAADMECHELEN + KANAAL DESSEL-SCHOTEN + KANAAL BOCHOLT-HERENTALS - Netebekken
850000;Zuut, tussen inlaat AWW en brug;163598;200733;Lier;;Antwerpen;Vlaanderen;België;16/5-6;;Netebekken;NETEKANAAL;6030834;Bevaarbaar;BEV;VL08_176;NETEKANAAL;Vlaams Waterlichaam;Kunstmatig;0;rivier;Rg;A2_VL08_176;A1_VL08_176;A0_VL08_176;Afstroomzone van NETEKANAAL
861110;Leugenboomstraat, hoek Jokweg;52818;202695;Koekelare;;West-Vlaanderen;Vlaanderen;België;12/7-8;;IJzerbekken;;6001812;Onbevaarbaar cat. 2;CAT2;L217_0412;;Lokaal waterlichaam van 2de orde;Nog geen statuut toegekend;0;rivier;RtNt;A2_L217_0412;A1_L111_1109;A0_VL11_11;Afstroomzone van MOERDIJKVAART
862075;Bekegem, Bruggestraat, Boskapel;58715;204327;Ichtegem;;West-Vlaanderen;Vlaanderen;België;12/7-8;;IJzerbekken;BEKEGEMSEBEEK;6001786;Onbevaarbaar cat. 2;CAT2;L217_0411;;Lokaal waterlichaam van 2de orde;Nog geen statuut toegekend;0;rivier;RtNt;A2_L217_0411;A1_L107_63;A0_VL11_11;Afstroomzone van MOERDIJKVAART
877000;Uitkerke, Scharebrugstraat, Scharebrug;62799;220991;Blankenberge;;West-Vlaanderen;Vlaanderen;België;4/7-8;;Bekken van de Brugse Polders;BLANKENBERGSEVAART;6019169;Onbevaarbaar cat. 1;CAT1;VL08_16;BLANKENBERGSE VAART + NOORDEDE;Vlaams Waterlichaam;Natuurlijk;1;rivier;Pb;A2_VL08_16;A1_VL08_16;A0_VL08_16;Afstroomzone van BLANKENBERGSE VAART + NOORDEDE
886200;Sijsele, Schardauwstraat, Hoeve Rostuine;77895;210663;Damme;;West-Vlaanderen;Vlaanderen;België;13/1-2;;Bekken van de Brugse Polders;ST. TRUDOLEKEN - WATERLOOPBEEK - MEERSBEEK - DORPSBEEK;5010331;Onbevaarbaar cat. 2;CAT2;L217_0651;;Lokaal waterlichaam van 2de orde;Nog geen statuut toegekend;0;rivier;RtNt;A2_L217_0651;A1_L111_1064;A0_VL05_21;Afstroomzone van ZUIDERVAARTJE
896540;Bruggestraat;62844;202332;Zedelgem;;West-Vlaanderen;Vlaanderen;België;12/7-8;;Bekken van de Brugse Polders;ROLLEWEGBEEK - ZABBEEK - PLAATSEBEEK - POSTDAMBEEK - ZUIDERVAARTJE - KERKEBEEK;5010508;Onbevaarbaar cat. 2;CAT2;L217_0631;;Lokaal waterlichaam van 2de orde;Nog geen statuut toegekend;0;rivier;RtNt;A2_L217_0631;A1_L111_1053;A0_VL05_18;Afstroomzone van KERKEBEEK
9060;Langeweg,opw dam;92460;215963;Sint-Laureins;;Oost-Vlaanderen;Vlaanderen;België;13/3-4;Sint-Laureins - Sint-Margriete;Bekken van de Gentse Kanalen;LEOPOLDKANAAL;17372;Bevaarbaar;BEV;VL08_172;LEOPOLDKANAAL I;Vlaams Waterlichaam;Kunstmatig;0;rivier;Rk;A2_VL08_172;A1_VL08_172;A0_VL08_172;Afstroomzone van LEOPOLDKANAAL I
91000;Grote Heide, thv natuurreservaat Hageven, opw brug;223950;218080;Pelt;;Limburg;Vlaanderen;België;17/3-4;Achel;Maasbekken;DOMMEL - BOVEN DOMMEL;6018151;Onbevaarbaar cat. 1;CAT1;VL05_136;DOMMEL;Vlaams Waterlichaam;Natuurlijk;0;rivier;BgK;A2_VL05_136;A1_VL05_136;A0_VL05_136;Afstroomzone van DOMMEL
910000;Sint-Joris, Bruggesteenweg, Uniebrug, afw;40320;203010;Nieuwpoort;;West-Vlaanderen;Vlaanderen;België;12/5-6;;IJzerbekken;IJZER - HAVEN VAN NIEUWPOORT;6033616;Bevaarbaar;BEV;VL17_9;IJZER III;Vlaams Waterlichaam;Natuurlijk;1;rivier;Rg;A2_VL17_9;A1_VL17_9;A0_VL17_9;Afstroomzone van IJZER III
910900;Nieuwkapelle, IJzerdijk, opw inlaat WPC-Blank.;41072;187927;Diksmuide;;West-Vlaanderen;Vlaanderen;België;20/5-6;;IJzerbekken;IJZER - HAVEN VAN NIEUWPOORT;6033627;Bevaarbaar;BEV;VL21_8;IJZER II;Vlaams Waterlichaam;Natuurlijk;1;rivier;Rg;A2_VL21_8;A1_VL21_8;A0_VL21_8;Afstroomzone van IJZER II
913092;Beveren, Lindestraat, afw;30340;183741;Alveringem;;West-Vlaanderen;Vlaanderen;België;19/7-8;Stavele;IJzerbekken;NEERLOOPBEEK;6016275;Onbevaarbaar cat. 2;CAT2;L217_0001;;Lokaal waterlichaam van 2de orde;Nog geen statuut toegekend;0;rivier;RtNt;A2_L217_0001;A1_VL08_7;A0_VL08_7;Afstroomzone van IJZER I
913093;Stavele, Lindestraat, afw;31016;184089;Alveringem;;West-Vlaanderen;Vlaanderen;België;19/7-8;;IJzerbekken;LEPKENBEEK;6016134;Onbevaarbaar cat. 2;CAT2;L217_0001;;Lokaal waterlichaam van 2de orde;Nog geen statuut toegekend;0;rivier;RtNt;A2_L217_0001;A1_VL08_7;A0_VL08_7;Afstroomzone van IJZER I
916000;Roesbrugge, Bergenstraat, Roesbruggebrug;27250;180320;Poperinge;;West-Vlaanderen;Vlaanderen;België;19/7-8;;IJzerbekken;IJZER - HAVEN VAN NIEUWPOORT;6033592;Bevaarbaar;BEV;VL08_7;IJZER I;Vlaams Waterlichaam;Natuurlijk;1;rivier;Rk;A2_VL08_7;A1_VL08_7;A0_VL08_7;Afstroomzone van IJZER I
918250;Esen, Roeselarestraat;49598;190904;Diksmuide;;West-Vlaanderen;Vlaanderen;België;20/1-2;;IJzerbekken;;6007534;Onbevaarbaar cat. 2;CAT2;L217_0231;;Lokaal waterlichaam van 2de orde;Nog geen statuut toegekend;0;rivier;RtNt;A2_L217_0231;A1_L107_48;A0_VL05_3;Afstroomzone van HANDZAMEVAART
919010;Werken, Werkenstraat;52578;191902;Kortemark;;West-Vlaanderen;Vlaanderen;België;20/3-4;;IJzerbekken;BOMBEEK;6007677;Onbevaarbaar cat. 2;CAT2;L217_0222;;Lokaal waterlichaam van 2de orde;Nog geen statuut toegekend;0;rivier;RtNt;A2_L217_0222;A1_VL05_3;A0_VL05_3;Afstroomzone van HANDZAMEVAART
923410;Zarren, Roeselarestraat;51935;189140;Kortemark;;West-Vlaanderen;Vlaanderen;België;20/3-4;;IJzerbekken;TERRESTBEEK;6007731;Onbevaarbaar cat. 2;CAT2;L217_0251;;Lokaal waterlichaam van 2de orde;Nog geen statuut toegekend;0;rivier;RtNt;A2_L217_0251;A1_L107_47;A0_VL05_180;Afstroomzone van ZARRENBEEK
926100;Grote Veldstraat, 5 m opw;55344;184669;Staden;;West-Vlaanderen;Vlaanderen;België;20/7-8;;IJzerbekken;ZARRENBEEK - LUIKBEEK;7015825;Onbevaarbaar cat. 2;CAT2;L217_0251;;Lokaal waterlichaam van 2de orde;Nog geen statuut toegekend;0;rivier;RtNt;A2_L217_0251;A1_L107_47;A0_VL05_180;Afstroomzone van ZARRENBEEK
928710;Zandstraat, afw;58330;193040;Torhout;;West-Vlaanderen;Vlaanderen;België;20/3-4;;IJzerbekken;VIJFHUISHOEKBEEK;6007587;Onbevaarbaar cat. 2;CAT2;L217_0232;;Lokaal waterlichaam van 2de orde;Nog geen statuut toegekend;0;rivier;RtNt;A2_L217_0232;A1_L111_1044;A0_VL05_3;Afstroomzone van HANDZAMEVAART
929050;Hazelstraat;62038;190460;Lichtervelde;;West-Vlaanderen;Vlaanderen;België;20/3-4;;IJzerbekken;PALEPUTBEEK - HAZELBEEK - KWAKKELBEEK;6007618;Onbevaarbaar cat. 2;CAT2;L217_0232;;Lokaal waterlichaam van 2de orde;Nog geen statuut toegekend;0;rivier;RtNt;A2_L217_0232;A1_L111_1044;A0_VL05_3;Afstroomzone van HANDZAMEVAART
934000;Woumen, Noordbroekstraat, Rillebroek, afw;42450;188270;Diksmuide;;West-Vlaanderen;Vlaanderen;België;20/1-2;;IJzerbekken;STENENSLUISVAART - STEENBEEK - S' GRAVENEIKBEEK;6012105;Onbevaarbaar cat. 1;CAT1;VL21_1;BLANKAART WATERLOPEN;Vlaams Waterlichaam;Natuurlijk;1;rivier;Pz;A2_VL21_1;A1_VL21_1;A0_VL21_1;Afstroomzone van BLANKAART WATERLOPEN
941000;Stadenstraat, Kasteel De Grote;51114;186018;Houthulst;;West-Vlaanderen;Vlaanderen;België;20/7-8;;IJzerbekken;STENENSLUISVAART - STEENBEEK - S' GRAVENEIKBEEK;6004135;Onbevaarbaar cat. 2;CAT2;L217_0212;;Lokaal waterlichaam van 2de orde;Nog geen statuut toegekend;0;rivier;RtNt;A2_L217_0212;A1_L107_40;A0_VL21_1;Afstroomzone van BLANKAART WATERLOPEN
945030;Boezinge, Pilkemseweg;45785;175308;Ieper;;West-Vlaanderen;Vlaanderen;België;28/1-2;;IJzerbekken;ZWAANHOFBEEK;6031864;Onbevaarbaar cat. 2;CAT2;L217_0182;;Lokaal waterlichaam van 2de orde;Nog geen statuut toegekend;0;rivier;RtNt;A2_L217_0182;A1_VL05_166;A0_VL05_166;Afstroomzone van KANAAL IEPER-IJZER
948010;Rijselseweg - zijweg langs spoorweg - stroomopw stuw;45947;170516;Ieper;;West-Vlaanderen;Vlaanderen;België;28/1-2;;IJzerbekken;IEPERLEE - BOLLAARTBEEK - WIJTSCHATEBEEK;6012007;Onbevaarbaar cat. 1;CAT1;VL05_5;IEPERLEE + VERWEZEN KANAAL IEPER-KOMEN;Vlaams Waterlichaam;Natuurlijk;1;rivier;Bg;A2_VL05_5;A1_VL05_5;A0_VL05_5;Afstroomzone van IEPERLEE + VERWEZEN KANAAL IEPER-KOMEN
949013;Voormezele, Armentierseweg;45786;166761;Ieper;;West-Vlaanderen;Vlaanderen;België;28/5-6;;IJzerbekken;DIEPENDAALBEEK;6031787;Onbevaarbaar cat. 2;CAT2;L217_0172;;Lokaal waterlichaam van 2de orde;Nog geen statuut toegekend;0;rivier;RtNt;A2_L217_0172;A1_L107_5;A0_VL05_5;Afstroomzone van IEPERLEE + VERWEZEN KANAAL IEPER-KOMEN
952000;Hoeve Eksternest;41840;167500;Heuvelland;;West-Vlaanderen;Vlaanderen;België;28/5-6;;IJzerbekken;KASTEELBEEK - DIKKEBUSBEEK - BOTERPLAS - MAJOORGRACHT - KASTEELGRACHT - WIELTJESGRACHT - KLEINE KEMMELBEEK - VIJVERBEEK;6031860;Onbevaarbaar cat. 2;CAT2;L107_6;DIKKEBUSBEEK;Lokaal waterlichaam van 1ste orde;Natuurlijk;1;rivier;Bk;A2_L107_6;A1_L107_6;A0_VL05_166;Afstroomzone van KANAAL IEPER-IJZER
952050;Kemmel, Kemmelseweg;40010;166095;Heuvelland;;West-Vlaanderen;Vlaanderen;België;28/5-6;;IJzerbekken;KASTEELBEEK - DIKKEBUSBEEK - BOTERPLAS - MAJOORGRACHT - KASTEELGRACHT - WIELTJESGRACHT - KLEINE KEMMELBEEK - VIJVERBEEK;7010012;Niet geklasseerd;CAT9;L217_0171;;Lokaal waterlichaam van 2de orde;Nog geen statuut toegekend;0;rivier;RtNt;A2_L217_0171;A1_L107_6;A0_VL05_166;Afstroomzone van KANAAL IEPER-IJZER
955055;Bikschote, Molenstraat, opw Bikschote;44810;180060;Langemark-Poelkapelle;;West-Vlaanderen;Vlaanderen;België;20/5-6;;IJzerbekken;LOBEEK;6042688;Onbevaarbaar cat. 2;CAT2;L217_0141;;Lokaal waterlichaam van 2de orde;Nog geen statuut toegekend;0;rivier;RtNt;A2_L217_0141;A1_VL11_10;A0_VL11_10;Afstroomzone van MARTJEVAART
961000;Merkem, Groenestraat, Draaibank;45780;182000;Houthulst;;West-Vlaanderen;Vlaanderen;België;20/5-6;;IJzerbekken;KORVERSBEEK - STADENBERGBEEK - KORVERBEEK;6011895;Onbevaarbaar cat. 2;CAT2;L107_4;KORVERSBEEK;Lokaal waterlichaam van 1ste orde;Natuurlijk;1;rivier;Bk;A2_L107_4;A1_L107_4;A0_VL11_10;Afstroomzone van MARTJEVAART
963023;Poelkapelle, Peerdebeekstraat;51364;181144;Langemark-Poelkapelle;;West-Vlaanderen;Vlaanderen;België;20/7-8;;IJzerbekken;;6042657;Onbevaarbaar cat. 2;CAT2;L217_0152;;Lokaal waterlichaam van 2de orde;Nog geen statuut toegekend;0;rivier;RtNt;A2_L217_0152;A1_L107_3;A0_VL11_10;Afstroomzone van MARTJEVAART
964050;Westrozebeke, Vijfwegen, Sint-Elooisstraat;52695;182682;Staden;;West-Vlaanderen;Vlaanderen;België;20/7-8;;IJzerbekken;BROENBEEK - STADENDREVEBEEK;6042684;Onbevaarbaar cat. 2;CAT2;L217_0152;;Lokaal waterlichaam van 2de orde;Nog geen statuut toegekend;0;rivier;RtNt;A2_L217_0152;A1_L107_3;A0_VL11_10;Afstroomzone van MARTJEVAART
967020;Poelkapelle, Lange Molenstraat, afw Paddebeek;52315;179066;Langemark-Poelkapelle;;West-Vlaanderen;Vlaanderen;België;20/7-8;;IJzerbekken;LEKKERBOTERBEEK - PADDEBEEK;6042651;Onbevaarbaar cat. 2;CAT2;L217_0153;;Lokaal waterlichaam van 2de orde;Nog geen statuut toegekend;0;rivier;RtNt;A2_L217_0153;A1_L111_1001;A0_VL11_10;Afstroomzone van MARTJEVAART
970000;Reninge, Bernardplaatsstraat, Bernardusplasbrug;41480;180280;Lo-Reninge;;West-Vlaanderen;Vlaanderen;België;20/5-6;;IJzerbekken;KEMMELBEEK - GROTE KEMMELBEEK - GROTE BEEK - FRANSEBEEK;6025845;Onbevaarbaar cat. 1;CAT1;VL05_2;GROTE KEMMELBEEK;Vlaams Waterlichaam;Natuurlijk;1;rivier;Bg;A2_VL05_2;A1_VL05_2;A0_VL05_2;Afstroomzone van GROTE KEMMELBEEK
970028;Elverdinge, Klapstraat;42026;174979;Ieper;;West-Vlaanderen;Vlaanderen;België;28/1-2;;IJzerbekken;WANEBEEK;6035148;Onbevaarbaar cat. 2;CAT2;L217_0131;;Lokaal waterlichaam van 2de orde;Nog geen statuut toegekend;0;rivier;RtNt;A2_L217_0131;A1_L107_11;A0_VL05_2;Afstroomzone van GROTE KEMMELBEEK
989012;Proven, Reningestraat, opw Proven;30064;176486;Poperinge;;West-Vlaanderen;Vlaanderen;België;27/3-4;;IJzerbekken;KLIJTEBEEK;6037486;Onbevaarbaar cat. 2;CAT2;L217_0011;;Lokaal waterlichaam van 2de orde;Nog geen statuut toegekend;0;rivier;RtNt;A2_L217_0011;A1_L107_16;A0_VL08_7;Afstroomzone van IJZER I
99550;Wijchmaal, onverhard einde Elsevaart, opw. brugje;222498;199266;Peer;Houthalen-Helchteren;Limburg;Vlaanderen;België;17/7-8;Eksel;Maasbekken;BOLLISENBEEK;6018375;Onbevaarbaar cat. 2;CAT2;L107_854;BOLLISENBEEK;Lokaal waterlichaam van 1ste orde;Natuurlijk;0;rivier;BkK;A2_L107_854;A1_L107_854;A0_VL05_136;Afstroomzone van DOMMEL
99580;Wijchmaal, zijweg thv kruising Achelmanstr/Rijtenweg, opw weg;222555;202323;Peer;Hechtel-Eksel;Limburg;Vlaanderen;België;17/8;;Maasbekken;HOEVERWIJERLOOP/EINDE - HOEVERWIJERLOOP;6018097;Onbevaarbaar cat. 2;CAT2;L217_5211;;Lokaal waterlichaam van 2de orde;Nog geen statuut toegekend;0;rivier;RtNt;A2_L217_5211;A1_L107_854;A0_VL05_136;Afstroomzone van DOMMEL
